{
  "project_info": {
    "project_number": "400086780173",
    "firebase_url": "https://chatapp-cd843.firebaseio.com",
    "project_id": "chatapp-cd843",
    "storage_bucket": "chatapp-cd843.appspot.com"
  },
  "client": [
    {
      "client_info": {
        "mobilesdk_app_id": "1:400086780173:android:dc109506c25852fd490844",
        "android_client_info": {
          "package_name": "com.example.chatapp"
        }
      },
      "oauth_client": [
        {
          "client_id": "400086780173-uuoef0v2hgqm2dcjph9purstl9qqifl0.apps.googleusercontent.com",
          "client_type": 3
        }
      ],
      "api_key": [
        {
          "current_key": "AIzaSyAFrc6arsiCo5luNJLoO1SWiabkX6__7VI"
        }
      ],
      "services": {
        "appinvite_service": {
          "other_platform_oauth_client": [
            {
              "client_id": "400086780173-uuoef0v2hgqm2dcjph9purstl9qqifl0.apps.googleusercontent.com",
              "client_type": 3
            }
          ]
        }
      }
    }
  ],
  "configuration_version": "1"
}